name,our_birth_date,wd_birth_date,stage,qid
Dante Alighieri,1265-01-01,1265-06-06,A2,Q1067
Mustafa Kemal Atatürk,1881-01-01,1881-05-19,A2,Q5152
Christopher Columbus,1451-01-01,1451-11-09,A2,Q7322
Thomas Aquinas,1225-01-01,1225-02-08,A2,Q9438
Joan of Arc,1412-01-01,1412-01-15,A2,Q7226
Elizabeth I of England,1533-01-01,1533-09-17,A2,Q7207
Dante Alighieri,1265-01-01,1265-06-06,A2,Q1067
Mustafa Kemal Atatürk,1881-01-01,1881-05-19,A2,Q5152
Christopher Columbus,1451-01-01,1451-11-09,A2,Q7322
Thomas Aquinas,1225-01-01,1225-02-08,A2,Q9438
Joan of Arc,1412-01-01,1412-01-15,A2,Q7226
Elizabeth I of England,1533-01-01,1533-09-17,A2,Q7207
Giovanni Boccaccio,1313-01-01,1313-06-24,A2,Q1402
Daniel Defoe,1660-01-01,1660-09-30,A2,Q40946
Louis VI of France,1081-01-01,1081-12-07,A2,Q165883
Jan Hendrik Oort,1900-01-01,1900-04-28,A2,Q309861
Cosimo de' Medici,1389-01-01,1389-10-05,A2,Q48544
Alfred Kinsey,1894-01-01,1894-06-23,A2,Q186561
Óscar Romero,1918-08-15,1917-08-15,B2,Q293455
Charles I of Naples,1226-01-01,1226-03-21,A2,Q203829
Jochi,1182-01-01,1182-06-13,A2,Q186581
Mohammad Najibullah,1947-01-01,1947-08-06,A2,Q207728
Jakob Böhme,1575-01-01,1575-05-04,A2,Q77017
Linda Hamilton,1956-01-01,1956-09-26,A2,Q208214
Anne of Austria,1601-01-01,1601-09-22,A2,Q151209
Ivan I of Moscow,1288-01-01,1288-11-01,A2,Q185316
Daddy Yankee,1977-02-03,1976-02-03,B2,Q272591
Claudia Goldin,1945-05-14,1946-05-14,B2,Q1097475
Tolui,1191-01-01,1191-03-17,A2,Q7517
Elizabeth of York,1465-01-01,1466-02-11,B2,Q207953
Fath-Ali Shah Qajar,1771-01-01,1772-08-05,B2,Q175299
Antonio da Correggio,1489-01-01,1489-09-08,A2,Q8457
Gus Grissom,1926-01-01,1926-04-03,A2,Q110879
Marie Tussaud,1760-01-01,1761-12-01,B2,Q219572
"Spencer Compton, 1st Earl of Wilmington",1674-01-01,1673-03-18,B2,Q270415
Charles W. Fairbanks,1852-01-01,1852-05-11,A2,Q270539
Alfonso V of Aragon,1396-01-01,1396-03-03,A2,Q312304
Sadegh Hedayat,1902-01-01,1903-02-17,B2,Q315017
Daniel Kaluuya,1989-01-01,1989-02-24,A2,Q510970
Fayruz,1934-11-21,1935-11-21,B2,Q3247658
Martin Gardner,1914-01-01,1914-10-21,A2,Q677706
Margaret Tudor,1489-01-01,1489-12-07,A2,Q523140
Mary J. Blige,1971-01-01,1971-01-11,A2,Q228909
Pyotr Bagration,1765-01-01,1765-07-10,A2,Q239260
Malik-Shah I,1055-01-01,1055-08-21,A2,Q311482
Anne Bonny,1697-01-01,1697-03-08,A2,Q231549
Khaleda Zia,1945-08-15,1946-08-15,B2,Q234814
Nurhaci,1559-01-01,1559-02-21,A2,Q311189
David Harbour,1975-01-01,1975-04-10,A2,Q391359
Ferdinand von Wrangel,1796-01-01,1796-12-29,B2,Q135329
Piper Laurie,1932-01-01,1932-01-22,A2,Q232282
Mohammad Khan Qajar,1742-01-01,1742-03-14,B2,Q324974
Robert F. Engle,1941-01-01,1942-11-10,B2,Q295653
Lothair III,1075-01-01,1075-06-15,A2,Q77189
Nizam al-Mulk,1018-01-01,1018-04-16,A2,Q298427
Miguel Ferrer,1954-02-07,1955-02-07,B2,Q463497
Vasily II of Moscow,1415-01-01,1415-03-19,A2,Q210359
Vladimir Propp,1895-01-01,1895-04-29,A2,Q313455
Anne of Denmark,1574-01-01,1574-12-22,A2,Q158248
Wayne Knight,1955-01-01,1955-08-07,A2,Q311976
Tom DeLonge,1975-01-01,1975-12-13,A2,Q4270
Yongzheng Emperor,1678-01-01,1678-12-13,A2,Q317839
Catherine of Valois,1401-01-01,1401-11-05,A2,Q229192
Rachel Corrie,1978-04-10,1979-04-10,B2,Q195154
Pieter Brueghel the Younger,1564-01-01,1564-06-02,A2,Q255828
Nasir Khusraw,1004-01-01,1004-09-09,A2,Q328796
Ileana D'Cruz,1987-11-01,1986-11-01,B2,Q3629983
Harry Harrison,1925-03-12,1924-03-12,B2,Q489193
John Smith,1580-01-01,1580-01-06,A2,Q228024
Keke Palmer,1993-01-01,1993-08-26,A2,Q273044
"Henry Stuart, Lord Darnley",1545-01-01,1545-12-07,A2,Q312381
Adrian Smith,1957-01-01,1957-02-27,A2,Q212070
Thomas Tallis,1505-01-01,1505-02-09,A2,Q207789
Ludolph van Ceulen,1540-01-01,1540-02-07,A2,Q310771
Abdul Rahman Arif,1916-01-01,1916-04-14,A2,Q307393
Anne Neville,1456-01-01,1456-06-20,A2,Q229218
Anne of Bohemia,1366-01-01,1366-05-19,A2,Q170202
Zelda Fitzgerald,1900-01-01,1900-07-24,A2,Q187324
Jigme Dorji Wangchuck,1928-01-01,1929-05-02,B2,Q298020
Börte,1161-01-01,1161-07-15,A2,Q234805
Friedrich August I of Saxony,1750-01-01,1750-12-23,A2,Q53444
Mary of Lorraine,1515-01-01,1515-12-02,A2,Q229846
Assimi Goïta,1983-01-01,1983-11-09,A2,Q98497406
Miguel López de Legazpi,1502-01-01,1502-06-22,A2,Q318500
Agrippa d'Aubigné,1552-01-01,1552-02-18,A2,Q334950
Charlie Cox,1982-01-01,1982-12-15,A2,Q454231
Katarina Witt,1964-01-01,1965-12-03,B2,Q58028
Sonam Gyatso,1543-01-01,1543-03-10,A2,Q25256
Carlo Maderno,1556-01-01,1556-05-24,A2,Q122328
Captain Beefheart,1941-01-01,1941-01-15,A2,Q312264
Infanta Cristina of Spain,1965-01-01,1965-06-13,A2,Q230580
Cícero Moraes,1982-01-01,1982-11-13,A2,Q16337199
Alisher Usmanov,1953-01-01,1953-09-09,A2,Q503147
John Fletcher,1579-01-01,1579-12-20,B2,Q312444
Michel Chasles,1793-01-01,1793-11-15,A2,Q318067
Alan Paton,1903-01-01,1903-01-11,A2,Q361623
Ronnie Coleman,1964-05-13,1963-05-13,B2,Q254827
Henry I of Portugal,1512-01-01,1512-02-10,A2,Q222123
Ann Blyth,1928-08-16,1927-08-16,B2,Q255378
Noah Centineo,1996-01-01,1996-05-09,A2,Q3877574
Eric Trump,1984-01-01,1984-01-06,A2,Q3731533
Dalai Lama 09 Lungtok Gyatso,1805-01-01,1805-12-01,A2,Q25246
Ugyen Wangchuck,1862-01-01,1862-06-11,A2,Q333866
Marie-Antoine Carême,1784-01-01,1784-06-08,A2,Q355751
Shah Alam II,1728-01-01,1728-06-25,A2,Q719449
Lobsang Sangay,1968-01-01,1968-09-05,A2,Q41443
Vera Miles,1929-08-23,1930-08-23,B2,Q237864
Joe Manganiello,1976-01-01,1976-12-28,A2,Q470005
Jesse Plemons,1988-01-01,1988-04-02,A2,Q1138674
Baldwin III of Jerusalem,1130-01-01,1130-12-07,A2,Q146465
Samuel Butler,1612-01-01,1612-02-03,B2,Q258766
Habibullah Khan,1872-01-01,1872-06-03,A2,Q334869
Fahriye Evcen,1985-06-04,1986-06-04,B2,Q77665
Trinle Gyatso,1856-01-01,1857-01-26,B2,Q25240
Elissa,1972-10-27,1971-10-27,B2,Q1118831
Mahamat Déby Itno,1984-01-01,1984-04-04,B2,Q16206405
John Fisher,1469-01-01,1469-10-28,A2,Q317149
Zaza Pachulia,1983-02-10,1984-02-10,B2,Q319614
Abdul Sattar Edhi,1928-01-01,1928-02-28,A2,Q317465
Michel Aflaq,1909-01-01,1910-01-09,B2,Q355416
Franklin J. Schaffner,1920-05-30,1921-05-30,B2,Q51503
Michael Praetorius,1571-01-01,1571-02-15,A2,Q108278
Aziz Akhannouch,1961-01-01,1961-08-16,A2,Q1638114
Johann Adolf Hasse,1699-01-01,1699-03-25,A2,Q164732
Delmira Agustini,1886-01-01,1886-10-24,A2,Q239458
Rex Stout,1886-01-01,1886-12-01,A2,Q337351
Catherine of Lancaster,1372-01-01,1373-03-31,B2,Q231150
Wade Williams,1961-01-01,1961-12-24,A2,Q275658
Sophie of Mecklenburg-Güstrow,1557-01-01,1557-09-14,A2,Q57654
Suleiman I of Persia,1648-01-01,1647-01-01,B2,Q210704
Catherine Coleman,1960-01-01,1960-12-14,A2,Q7468
Ayad Allawi,1945-05-31,1944-05-31,B2,Q313816
Ludovico Carracci,1555-01-01,1555-05-01,A2,Q380553
Sei Fuwa,1914-01-01,1915-07-02,B2,Q3138196
Shemar Moore,1970-01-01,1970-04-20,A2,Q320941
Saad Zaghloul,1858-07-01,1859-07-01,B2,Q328734
Eric II of Norway,1268-01-01,1268-10-11,A2,Q314450
Briana Banks,1978-05-21,1979-05-21,B2,Q77010
Vsevolod III the Big Nest,1154-01-01,1154-10-29,A2,Q348689
Giambattista della Porta,1535-01-01,1535-11-11,A2,Q334154
Mateo Alemán,1547-01-01,1547-09-28,A2,Q316616
Saskia van Uylenburgh,1612-01-01,1612-08-02,A2,Q109676
Emperor Go-Mizunoo,1596-01-01,1596-06-29,A2,Q320229
Sa'id of Egypt,1822-01-01,1822-03-17,A2,Q366744
Guru Ram Das,1534-01-01,1534-10-04,A2,Q335353
Thomas Kyd,1558-01-01,1558-11-06,A2,Q337082
Filippo Juvarra,1678-01-01,1678-03-27,A2,Q85000
"Henry Frederick, Prince of Wales",1593-02-19,1594-02-19,B2,Q82631
Charles Ponzi,1882-01-01,1882-03-03,A2,Q360145
Caroline Matilda of Great Britain,1751-01-01,1751-07-22,A2,Q57668
Mi Fu,1051-01-01,1051-12-10,A2,Q320129
Alfonso IV of Aragon,1299-01-01,1299-11-09,A2,Q380088
Muhammad bin Nayef,1958-08-30,1959-08-30,B2,Q455341
Bianca Maria Sforza,1472-01-01,1472-04-14,A2,Q161136
Utagawa Kuniyoshi,1797-01-01,1798-01-01,B2,Q317736
Evgeniy Vasilievich Khrunov,1933-01-01,1933-09-10,A2,Q455669
Sergej Ćetković,1975-03-08,1976-03-08,B2,Q1252204
Yesugei,1134-01-01,1134-12-28,B2,Q573157
Rose Christiane Raponda,1964-01-01,1963-06-30,B2,Q65556229
Go-Yōzei,1571-01-01,1571-12-31,B2,Q349440
Henry Suso,1295-01-01,1295-03-21,A2,Q303435
Ivan Gundulić,1588-01-01,1589-01-08,B2,Q317588
Angelica Balabanoff,1876-01-01,1877-08-04,B2,Q235537
Derartu Tulu,1972-01-01,1972-03-21,A2,Q466315
Jack Quaid,1992-01-01,1992-04-24,A2,Q1139078
J. Bruce Ismay,1862-01-01,1862-12-12,A2,Q347381
Josip Bozanić,1949-01-01,1949-03-20,A2,Q365529
Lizabeth Scott,1922-09-29,1921-09-29,B2,Q264011
Ladislaus of Naples,1376-01-01,1377-02-15,B2,Q317593
Gims,1986-01-01,1986-05-05,A2,Q3303251
Öljaitü,1280-01-01,1280-03-31,A2,Q297065
Jacques Callot,1592-01-01,1592-03-25,A2,Q460124
José María Velasco Ibarra,1893-01-01,1893-03-19,A2,Q707171
"Cecily Neville, Duchess of York",1415-01-01,1415-05-12,A2,Q238004
Victor D'Hondt,1841-01-01,1841-11-20,A2,Q313248
Abdoulkader Kamil Mohamed,1951-07-01,1952-07-01,B2,Q10522744
William Joyce,1906-01-01,1906-04-24,A2,Q76532
Gabriel Bethlen,1580-01-01,1580-11-15,A2,Q313494
Orazio Gentileschi,1563-01-01,1563-07-29,A2,Q367360
Alfonso II of Naples,1448-01-01,1448-11-13,A2,Q436753
Glen Powell,1988-01-01,1988-10-21,A2,Q5567967
Dara Shikoh,1615-01-01,1615-03-20,A2,Q604647
Hussein Onn,1922-01-01,1922-02-12,A2,Q529391
Francesco Geminiani,1687-01-01,1687-12-05,A2,Q311625
Michelle Williams,1980-07-23,1979-07-23,B2,Q229153
Hedwig of Silesia,1174-01-01,1174-10-23,A2,Q57520
Frank Knight,1886-11-07,1885-11-07,B2,Q355223
Philip III of Navarre,1305-01-01,1306-03-27,B2,Q505112
Ersin Tatar,1960-01-01,1960-09-07,A2,Q6057339
Robert de Sorbon,1201-01-01,1201-10-16,A2,Q508679
Vladimir Gelfand,1923-01-01,1923-03-01,A2,Q463412
Pérez Prado,1917-12-11,1916-12-11,B2,Q154809
Ted Chiang,1967-01-01,1967-10-20,A2,Q503095
Jacob Cats,1577-01-01,1577-11-20,A2,Q46151
Archduchess Anna of Austria,1528-01-01,1528-07-17,A2,Q163551
Đura Jakšić,1832-01-01,1832-07-27,A2,Q342124
József Eötvös,1813-01-01,1813-09-13,A2,Q469996
Stuart Binny,1983-06-03,1984-06-03,B2,Q3527608
Vishal Dadlani,1974-06-28,1973-06-28,B2,Q9369646
Mugdha Godse,1985-07-26,1986-07-26,B2,Q6932094
Fahadh Faasil,1983-08-08,1982-08-08,B2,Q5429508
Robin Uthappa,1985-11-11,1984-11-11,B2,Q2745297
Shatrughan Sinha,1946-12-09,1945-12-09,B2,Q3595242
Siddharth,1979-04-17,1980-04-17,B2,Q3124846
Shiva Rajkumar,1962-07-12,1961-07-12,B2,Q7499430
Shilpa Shetty,1975-06-08,1976-06-08,B2,Q270665
Hima Das,1999-01-09,2000-01-09,B2,Q51876537
Amisha Patel,1976-06-09,1975-06-09,B2,Q263819
Ursula K. Le Guin,1928-10-21,1929-10-21,B2,Q181659
Ignatius of Loyola,1491-01-01,1491-11-10,A2,Q44281
George III of Great Britain,1738-01-01,1738-06-04,A2,Q127318
Jan Hus,1371-01-01,1372-07-01,B2,Q43977
Osman I,1259-01-01,1258-08-23,B2,Q83100
Mary I of England,1516-01-01,1516-02-18,B2,Q82674
Joan Crawford,1904-03-23,1905-03-23,B2,Q40475
Nadia Murad Basee,1994-03-10,1993-03-10,B2,Q22007112
John Donne,1572-01-01,1572-02-01,A2,Q140412
Paul Samuelson,1915-01-01,1915-05-15,A2,Q102454
Ibn Saud,1877-01-15,1876-01-15,B2,Q151509
Hugo Grotius,1583-01-01,1583-04-10,A2,Q154959
Vlad the Impaler,1431-01-01,1431-11-11,A2,Q43715
Diane Keaton,1946-01-01,1946-01-05,A2,Q102642
Boniface VIII,1235-01-01,1235-01-23,A2,Q134646
Alexandra Kollontai,1872-01-01,1872-04-01,A2,Q179558
Harry Martinson,1904-01-01,1904-05-06,A2,Q132695
Roberto Benigni,1953-10-27,1952-10-27,B2,Q23301
Georgia O'Keeffe,1887-01-01,1887-11-15,B2,Q46408
Jacopo Tintoretto,1519-01-01,1518-09-29,B2,Q9319
Philipp Melanchthon,1497-01-01,1497-02-25,A2,Q76325
Anna Pavlova,1881-02-12,1882-02-12,B2,Q151874
Gertrude B. Elion,1919-01-23,1918-01-23,B2,Q35703
Henry I of England,1068-01-01,1068-09-21,A2,Q101384
King Faisal bin Abdulaziz Al Saud,1905-04-14,1906-04-14,B2,Q217167
Charles VIII of France,1470-01-01,1470-07-09,A2,Q134452
Yevgeny Zamyatin,1884-01-01,1884-02-01,A2,Q204868
Tyra Banks,1973-01-01,1973-12-04,A2,Q172303
Cao Cao,0155-01-01,0155-03-17,A2,Q204077
Afonso I of Portugal,1109-01-01,1109-08-12,A2,Q587697
Lucy Lawless,1969-03-29,1968-03-29,B2,Q133112
Charles Francis Richter,1901-04-26,1900-04-26,B2,Q184014
Paco de Lucía,1947-01-01,1947-12-21,A2,Q153300
Ward Cunningham,1949-01-01,1949-05-26,B2,Q7637
Patriarch Bartholomew of Constantinople,1940-01-01,1940-02-29,B2,Q44501
Mani Ratnam,1956-06-02,1955-06-02,B2,Q174648
